"","Df","lnLik","AIC","ChiSq","Pr(>|Chi|)"
"minimal",3,-3707.05506826148,7420.11013652296,NA,NA
"linear",4,-3676.29956566944,7360.59913133887,61.5110051840875,4.44089209850063e-15
"sigmoidal",6,-3676.37227383511,7364.74454767023,61.365588852731,3.00204305858642e-13
"drift.linear",5,-3601.96964188231,7213.93928376461,210.170852758349,0
"drift.sigmoidal",7,-3599.03562460503,7212.07124921007,216.038887312892,0
"hump",6,-3676.07672455541,7364.15344911081,61.9566874121483,2.24487095579207e-13
"drift.hump",7,-3549.12405595909,7112.24811191818,315.862024604781,0
