"","Df","lnLik","AIC","ChiSq","Pr(>|Chi|)"
"minimal",3,-5053.51532086306,10113.0306417261,NA,NA
"linear",4,-5044.95735563946,10097.9147112789,17.115930447193,3.51660996992242e-05
"sigmoidal",6,-5026.32331544441,10064.6466308888,54.3840108372879,9.29212262690271e-12
"drift.linear",5,-5043.16060144659,10096.3212028932,20.7094388329406,3.18421582048423e-05
"drift.sigmoidal",7,-5026.25664346054,10066.5132869211,54.5173548050388,4.10070866152523e-11
"hump",6,-5009.79663203823,10031.5932640765,87.437377649645,0
"drift.hump",7,-5009.79436568977,10033.5887313795,87.4419103465771,0
