"","Df","lnLik","AIC","ChiSq","Pr(>|Chi|)"
"minimal",3,-5500.95669963906,11007.9133992781,NA,NA
"linear",4,-5459.89296126978,10927.7859225396,82.1274767385603,0
"sigmoidal",6,-5436.92794424042,10885.8558884808,128.057510797285,0
"drift.linear",5,-5380.09297899172,10770.1859579834,241.727441294697,0
"drift.sigmoidal",7,-5386.73917652687,10787.4783530537,228.435046224398,0
"hump",6,-5469.85228787832,10951.7045757566,62.2088235214924,1.98285832198053e-13
"drift.hump",7,-5413.00955526974,10840.0191105395,175.894288738649,0
