"","Df","lnLik","AIC","ChiSq","Pr(>|Chi|)"
"minimal",3,-5933.47879766529,11872.9575953306,NA,NA
"linear",4,-5917.79957581635,11843.5991516327,31.3584436978854,2.14523696584479e-08
"sigmoidal",6,-5895.610011345,11803.22002269,75.7375726405917,2.22044604925031e-16
"drift.linear",5,-5905.96191543864,11821.9238308773,55.0337644533156,1.12088116566156e-12
"drift.sigmoidal",7,-5895.52286094969,11805.0457218994,75.9118734312124,1.33226762955019e-15
"hump",6,-5856.95568438913,11725.9113687783,153.046226552333,0
"drift.hump",7,-5798.93227454126,11611.8645490825,269.093046248063,0
