"","Df","lnLik","AIC","ChiSq","Pr(>|Chi|)"
"minimal",3,-3328.02465358566,6662.04930717132,NA,NA
"linear",4,-3288.90013451473,6585.80026902945,78.2490381418684,0
"sigmoidal",6,-3282.31847487279,6576.63694974558,91.4123574257383,0
"drift.linear",5,-3189.58015112049,6389.16030224098,276.88900493034,0
"drift.sigmoidal",7,-3196.38185765848,6406.76371531696,263.285591854362,0
"hump",6,-3283.37502672202,6578.75005344403,89.2992537272885,0
"drift.hump",7,-3206.91005120524,6427.82010241048,242.229204760843,0
