"","Df","lnLik","AIC","ChiSq","Pr(>|Chi|)"
"minimal",3,-1799.78265921865,3605.5653184373,NA,NA
"linear",4,-1799.48396322125,3606.96792644251,0.597391994787813,0.439574831867907
"sigmoidal",6,-1772.35976793669,3556.71953587338,54.8457825639161,7.40651984187934e-12
"drift.linear",5,-1789.58359754624,3589.16719509249,20.3981233448117,3.72052129884448e-05
"drift.sigmoidal",7,-1771.93301144032,3557.86602288064,55.6992955566598,2.31842323117348e-11
"hump",6,-1779.76566631506,3571.53133263012,40.0339858071775,1.0479801137997e-08
"drift.hump",7,-1764.33019613202,3542.66039226403,70.9049261732644,1.46549439250521e-14
