"","Df","lnLik","AIC","ChiSq","Pr(>|Chi|)"
"minimal",3,-4894.2154978631,9794.4309957262,NA,NA
"linear",4,-4893.18017016662,9794.36034033324,2.070655392954,0.150156981658105
"sigmoidal",6,-4870.83606326218,9753.67212652436,46.7588692018344,3.91128462950974e-10
"drift.linear",5,-4860.61465519173,9731.22931038346,67.2016853427394,2.55351295663786e-15
"drift.sigmoidal",7,-4870.10621416376,9754.21242832751,48.2185673986842,8.49777914702088e-10
"hump",6,-4783.6035942837,9579.20718856739,221.223807158807,0
"drift.hump",7,-4780.63369918517,9575.26739837035,227.163597355851,0
