"","Df","lnLik","AIC","ChiSq","Pr(>|Chi|)"
"minimal",3,-3194.10216159186,6394.20432318372,NA,NA
"linear",4,-3153.33316048763,6314.66632097525,81.5380022084719,0
"sigmoidal",6,-3145.67271037834,6303.34542075669,96.8589024270359,0
"drift.linear",5,-3121.49110702647,6252.98221405294,145.222109130783,0
"drift.sigmoidal",7,-3063.93088475185,6141.86176950369,260.342553680032,0
"hump",6,-3006.2366357768,6024.47327155359,375.731051630131,0
"drift.hump",7,-3005.63741877538,6025.27483755077,376.929485632954,0
