"","Df","lnLik","AIC","ChiSq","Pr(>|Chi|)"
"minimal",3,-4662.87744220798,9331.75488441596,NA,NA
"linear",4,-4655.71350948168,9319.42701896336,14.327865452593,0.000153574698057213
"sigmoidal",6,-4624.60965291154,9261.21930582308,76.5355785928732,2.22044604925031e-16
"drift.linear",5,-4653.02782136723,9316.05564273446,19.6992416814937,5.27671963937992e-05
"drift.sigmoidal",7,-4577.00440891467,9168.00881782935,171.746066586607,0
"hump",6,-4544.19183954319,9100.38367908638,237.371205329575,0
"drift.hump",7,-4539.84825228926,9093.69650457852,246.058379837432,0
